,good,bad,DFI,zimg_name
0,437705.0,67507.84375,0.1336225802355208,BF0
1,452875.0,73174.8125,0.1391024400374632,BF0
2,474167.0,67313.1875,0.12431329724321631,BF0
3,217296.0,104861.03125,0.32549664007992996,BF0
